algorithm,arrType,n,dominantOps
linearSearch,sorted,1,1
linearSearch,sortedInReverse,1,1
linearSearch,randomOrder,1,1
binarySearch,sorted,1,1
bubbleSort,sorted,1,0
bubbleSort,sortedInReverse,1,0
bubbleSort,randomOrder,1,0
insertSort,sorted,1,0
insertSort,sortedInReverse,1,0
insertSort,randomOrder,1,0
quickSort,sorted,1,1
quickSort,sortedInReverse,1,1
quickSort,randomOrder,1,1
linearSearch,sorted,2,1
linearSearch,sortedInReverse,2,2
linearSearch,randomOrder,2,2
binarySearch,sorted,2,1
bubbleSort,sorted,2,1
bubbleSort,sortedInReverse,2,1
bubbleSort,randomOrder,2,1
insertSort,sorted,2,1
insertSort,sortedInReverse,2,2
insertSort,randomOrder,2,2
quickSort,sorted,2,3
quickSort,sortedInReverse,2,3
quickSort,randomOrder,2,3
linearSearch,sorted,3,1
linearSearch,sortedInReverse,3,3
linearSearch,randomOrder,3,1
binarySearch,sorted,3,2
bubbleSort,sorted,3,2
bubbleSort,sortedInReverse,3,3
bubbleSort,randomOrder,3,2
insertSort,sorted,3,2
insertSort,sortedInReverse,3,5
insertSort,randomOrder,3,3
quickSort,sorted,3,5
quickSort,sortedInReverse,3,5
quickSort,randomOrder,3,3
linearSearch,sorted,4,4
linearSearch,sortedInReverse,4,4
linearSearch,randomOrder,4,4
binarySearch,sorted,4,3
bubbleSort,sorted,4,3
bubbleSort,sortedInReverse,4,6
bubbleSort,randomOrder,4,5
insertSort,sorted,4,3
insertSort,sortedInReverse,4,9
insertSort,randomOrder,4,6
quickSort,sorted,4,7
quickSort,sortedInReverse,4,7
quickSort,randomOrder,4,5
linearSearch,sorted,5,1
linearSearch,sortedInReverse,5,5
linearSearch,randomOrder,5,5
binarySearch,sorted,5,2
bubbleSort,sorted,5,4
bubbleSort,sortedInReverse,5,10
bubbleSort,randomOrder,5,10
insertSort,sorted,5,4
insertSort,sortedInReverse,5,14
insertSort,randomOrder,5,7
quickSort,sorted,5,9
quickSort,sortedInReverse,5,9
quickSort,randomOrder,5,5
linearSearch,sorted,6,3
linearSearch,sortedInReverse,6,6
linearSearch,randomOrder,6,6
binarySearch,sorted,6,1
bubbleSort,sorted,6,5
bubbleSort,sortedInReverse,6,15
bubbleSort,randomOrder,6,14
insertSort,sorted,6,5
insertSort,sortedInReverse,6,20
insertSort,randomOrder,6,14
quickSort,sorted,6,11
quickSort,sortedInReverse,6,11
quickSort,randomOrder,6,7
linearSearch,sorted,7,1
linearSearch,sortedInReverse,7,7
linearSearch,randomOrder,7,6
binarySearch,sorted,7,3
bubbleSort,sorted,7,6
bubbleSort,sortedInReverse,7,21
bubbleSort,randomOrder,7,21
insertSort,sorted,7,6
insertSort,sortedInReverse,7,27
insertSort,randomOrder,7,15
quickSort,sorted,7,13
quickSort,sortedInReverse,7,13
quickSort,randomOrder,7,9
linearSearch,sorted,8,5
linearSearch,sortedInReverse,8,8
linearSearch,randomOrder,8,8
binarySearch,sorted,8,3
bubbleSort,sorted,8,7
bubbleSort,sortedInReverse,8,28
bubbleSort,randomOrder,8,28
insertSort,sorted,8,7
insertSort,sortedInReverse,8,35
insertSort,randomOrder,8,23
quickSort,sorted,8,15
quickSort,sortedInReverse,8,15
quickSort,randomOrder,8,11
linearSearch,sorted,9,3
linearSearch,sortedInReverse,9,9
linearSearch,randomOrder,9,9
binarySearch,sorted,9,3
bubbleSort,sorted,9,8
bubbleSort,sortedInReverse,9,36
bubbleSort,randomOrder,9,36
insertSort,sorted,9,8
insertSort,sortedInReverse,9,44
insertSort,randomOrder,9,29
quickSort,sorted,9,17
quickSort,sortedInReverse,9,17
quickSort,randomOrder,9,13
linearSearch,sorted,10,5
linearSearch,sortedInReverse,10,10
linearSearch,randomOrder,10,10
binarySearch,sorted,10,1
bubbleSort,sorted,10,9
bubbleSort,sortedInReverse,10,45
bubbleSort,randomOrder,10,45
insertSort,sorted,10,9
insertSort,sortedInReverse,10,54
insertSort,randomOrder,10,33
quickSort,sorted,10,19
quickSort,sortedInReverse,10,19
quickSort,randomOrder,10,13
linearSearch,sorted,11,2
linearSearch,sortedInReverse,11,11
linearSearch,randomOrder,11,11
binarySearch,sorted,11,4
bubbleSort,sorted,11,10
bubbleSort,sortedInReverse,11,55
bubbleSort,randomOrder,11,55
insertSort,sorted,11,10
insertSort,sortedInReverse,11,65
insertSort,randomOrder,11,36
quickSort,sorted,11,21
quickSort,sortedInReverse,11,21
quickSort,randomOrder,11,17
linearSearch,sorted,12,8
linearSearch,sortedInReverse,12,12
linearSearch,randomOrder,12,12
binarySearch,sorted,12,4
bubbleSort,sorted,12,11
bubbleSort,sortedInReverse,12,66
bubbleSort,randomOrder,12,65
insertSort,sorted,12,11
insertSort,sortedInReverse,12,77
insertSort,randomOrder,12,49
quickSort,sorted,12,23
quickSort,sortedInReverse,12,23
quickSort,randomOrder,12,15
linearSearch,sorted,13,1
linearSearch,sortedInReverse,13,13
linearSearch,randomOrder,13,13
binarySearch,sorted,13,3
bubbleSort,sorted,13,12
bubbleSort,sortedInReverse,13,78
bubbleSort,randomOrder,13,68
insertSort,sorted,13,12
insertSort,sortedInReverse,13,90
insertSort,randomOrder,13,58
quickSort,sorted,13,25
quickSort,sortedInReverse,13,25
quickSort,randomOrder,13,19
linearSearch,sorted,14,1
linearSearch,sortedInReverse,14,14
linearSearch,randomOrder,14,14
binarySearch,sorted,14,3
bubbleSort,sorted,14,13
bubbleSort,sortedInReverse,14,91
bubbleSort,randomOrder,14,63
insertSort,sorted,14,13
insertSort,sortedInReverse,14,104
insertSort,randomOrder,14,59
quickSort,sorted,14,27
quickSort,sortedInReverse,14,27
quickSort,randomOrder,14,21
linearSearch,sorted,15,5
linearSearch,sortedInReverse,15,15
linearSearch,randomOrder,15,15
binarySearch,sorted,15,4
bubbleSort,sorted,15,14
bubbleSort,sortedInReverse,15,105
bubbleSort,randomOrder,15,95
insertSort,sorted,15,14
insertSort,sortedInReverse,15,119
insertSort,randomOrder,15,60
quickSort,sorted,15,29
quickSort,sortedInReverse,15,29
quickSort,randomOrder,15,19
linearSearch,sorted,16,10
linearSearch,sortedInReverse,16,16
linearSearch,randomOrder,16,16
binarySearch,sorted,16,3
bubbleSort,sorted,16,15
bubbleSort,sortedInReverse,16,120
bubbleSort,randomOrder,16,117
insertSort,sorted,16,15
insertSort,sortedInReverse,16,135
insertSort,randomOrder,16,103
quickSort,sorted,16,31
quickSort,sortedInReverse,16,31
quickSort,randomOrder,16,21
linearSearch,sorted,17,13
linearSearch,sortedInReverse,17,17
linearSearch,randomOrder,17,17
binarySearch,sorted,17,2
bubbleSort,sorted,17,16
bubbleSort,sortedInReverse,17,136
bubbleSort,randomOrder,17,121
insertSort,sorted,17,16
insertSort,sortedInReverse,17,152
insertSort,randomOrder,17,88
quickSort,sorted,17,33
quickSort,sortedInReverse,17,33
quickSort,randomOrder,17,23
linearSearch,sorted,18,2
linearSearch,sortedInReverse,18,18
linearSearch,randomOrder,18,18
binarySearch,sorted,18,3
bubbleSort,sorted,18,17
bubbleSort,sortedInReverse,18,153
bubbleSort,randomOrder,18,152
insertSort,sorted,18,17
insertSort,sortedInReverse,18,170
insertSort,randomOrder,18,82
quickSort,sorted,18,35
quickSort,sortedInReverse,18,35
quickSort,randomOrder,18,23
linearSearch,sorted,19,16
linearSearch,sortedInReverse,19,19
linearSearch,randomOrder,19,19
binarySearch,sorted,19,4
bubbleSort,sorted,19,18
bubbleSort,sortedInReverse,19,171
bubbleSort,randomOrder,19,170
insertSort,sorted,19,18
insertSort,sortedInReverse,19,189
insertSort,randomOrder,19,108
quickSort,sorted,19,37
quickSort,sortedInReverse,19,37
quickSort,randomOrder,19,27
linearSearch,sorted,20,10
linearSearch,sortedInReverse,20,20
linearSearch,randomOrder,20,20
binarySearch,sorted,20,1
bubbleSort,sorted,20,19
bubbleSort,sortedInReverse,20,190
bubbleSort,randomOrder,20,169
insertSort,sorted,20,19
insertSort,sortedInReverse,20,209
insertSort,randomOrder,20,116
quickSort,sorted,20,39
quickSort,sortedInReverse,20,39
quickSort,randomOrder,20,23
linearSearch,sorted,21,6
linearSearch,sortedInReverse,21,21
linearSearch,randomOrder,21,21
binarySearch,sorted,21,4
bubbleSort,sorted,21,20
bubbleSort,sortedInReverse,21,210
bubbleSort,randomOrder,21,195
insertSort,sorted,21,20
insertSort,sortedInReverse,21,230
insertSort,randomOrder,21,108
quickSort,sorted,21,41
quickSort,sortedInReverse,21,41
quickSort,randomOrder,21,31
linearSearch,sorted,22,1
linearSearch,sortedInReverse,22,22
linearSearch,randomOrder,22,22
binarySearch,sorted,22,4
bubbleSort,sorted,22,21
bubbleSort,sortedInReverse,22,231
bubbleSort,randomOrder,22,210
insertSort,sorted,22,21
insertSort,sortedInReverse,22,252
insertSort,randomOrder,22,159
quickSort,sorted,22,43
quickSort,sortedInReverse,22,43
quickSort,randomOrder,22,35
linearSearch,sorted,23,7
linearSearch,sortedInReverse,23,23
linearSearch,randomOrder,23,23
binarySearch,sorted,23,4
bubbleSort,sorted,23,22
bubbleSort,sortedInReverse,23,253
bubbleSort,randomOrder,23,250
insertSort,sorted,23,22
insertSort,sortedInReverse,23,275
insertSort,randomOrder,23,133
quickSort,sorted,23,45
quickSort,sortedInReverse,23,45
quickSort,randomOrder,23,27
linearSearch,sorted,24,20
linearSearch,sortedInReverse,24,24
linearSearch,randomOrder,24,24
binarySearch,sorted,24,5
bubbleSort,sorted,24,23
bubbleSort,sortedInReverse,24,276
bubbleSort,randomOrder,24,240
insertSort,sorted,24,23
insertSort,sortedInReverse,24,299
insertSort,randomOrder,24,136
quickSort,sorted,24,47
quickSort,sortedInReverse,24,47
quickSort,randomOrder,24,29
linearSearch,sorted,25,5
linearSearch,sortedInReverse,25,25
linearSearch,randomOrder,25,25
binarySearch,sorted,25,5
bubbleSort,sorted,25,24
bubbleSort,sortedInReverse,25,300
bubbleSort,randomOrder,25,299
insertSort,sorted,25,24
insertSort,sortedInReverse,25,324
insertSort,randomOrder,25,158
quickSort,sorted,25,49
quickSort,sortedInReverse,25,49
quickSort,randomOrder,25,35
linearSearch,sorted,26,10
linearSearch,sortedInReverse,26,26
linearSearch,randomOrder,26,26
binarySearch,sorted,26,5
bubbleSort,sorted,26,25
bubbleSort,sortedInReverse,26,325
bubbleSort,randomOrder,26,310
insertSort,sorted,26,25
insertSort,sortedInReverse,26,350
insertSort,randomOrder,26,230
quickSort,sorted,26,51
quickSort,sortedInReverse,26,51
quickSort,randomOrder,26,33
linearSearch,sorted,27,22
linearSearch,sortedInReverse,27,27
linearSearch,randomOrder,27,27
binarySearch,sorted,27,4
bubbleSort,sorted,27,26
bubbleSort,sortedInReverse,27,351
bubbleSort,randomOrder,27,345
insertSort,sorted,27,26
insertSort,sortedInReverse,27,377
insertSort,randomOrder,27,228
quickSort,sorted,27,53
quickSort,sortedInReverse,27,53
quickSort,randomOrder,27,39
linearSearch,sorted,28,28
linearSearch,sortedInReverse,28,28
linearSearch,randomOrder,28,28
binarySearch,sorted,28,5
bubbleSort,sorted,28,27
bubbleSort,sortedInReverse,28,378
bubbleSort,randomOrder,28,375
insertSort,sorted,28,27
insertSort,sortedInReverse,28,405
insertSort,randomOrder,28,162
quickSort,sorted,28,55
quickSort,sortedInReverse,28,55
quickSort,randomOrder,28,39
linearSearch,sorted,29,13
linearSearch,sortedInReverse,29,29
linearSearch,randomOrder,29,6
binarySearch,sorted,29,4
bubbleSort,sorted,29,28
bubbleSort,sortedInReverse,29,406
bubbleSort,randomOrder,29,400
insertSort,sorted,29,28
insertSort,sortedInReverse,29,434
insertSort,randomOrder,29,207
quickSort,sorted,29,57
quickSort,sortedInReverse,29,57
quickSort,randomOrder,29,41
linearSearch,sorted,30,18
linearSearch,sortedInReverse,30,30
linearSearch,randomOrder,30,25
binarySearch,sorted,30,5
bubbleSort,sorted,30,29
bubbleSort,sortedInReverse,30,435
bubbleSort,randomOrder,30,432
insertSort,sorted,30,29
insertSort,sortedInReverse,30,464
insertSort,randomOrder,30,259
quickSort,sorted,30,59
quickSort,sortedInReverse,30,59
quickSort,randomOrder,30,43
linearSearch,sorted,31,10
linearSearch,sortedInReverse,31,31
linearSearch,randomOrder,31,31
binarySearch,sorted,31,4
bubbleSort,sorted,31,30
bubbleSort,sortedInReverse,31,465
bubbleSort,randomOrder,31,437
insertSort,sorted,31,30
insertSort,sortedInReverse,31,495
insertSort,randomOrder,31,262
quickSort,sorted,31,61
quickSort,sortedInReverse,31,61
quickSort,randomOrder,31,43
linearSearch,sorted,32,11
linearSearch,sortedInReverse,32,32
linearSearch,randomOrder,32,32
binarySearch,sorted,32,5
bubbleSort,sorted,32,31
bubbleSort,sortedInReverse,32,496
bubbleSort,randomOrder,32,451
insertSort,sorted,32,31
insertSort,sortedInReverse,32,527
insertSort,randomOrder,32,285
quickSort,sorted,32,63
quickSort,sortedInReverse,32,63
quickSort,randomOrder,32,43
linearSearch,sorted,33,10
linearSearch,sortedInReverse,33,33
linearSearch,randomOrder,33,33
binarySearch,sorted,33,4
bubbleSort,sorted,33,32
bubbleSort,sortedInReverse,33,528
bubbleSort,randomOrder,33,522
insertSort,sorted,33,32
insertSort,sortedInReverse,33,560
insertSort,randomOrder,33,289
quickSort,sorted,33,65
quickSort,sortedInReverse,33,65
quickSort,randomOrder,33,47
linearSearch,sorted,34,31
linearSearch,sortedInReverse,34,34
linearSearch,randomOrder,34,34
binarySearch,sorted,34,5
bubbleSort,sorted,34,33
bubbleSort,sortedInReverse,34,561
bubbleSort,randomOrder,34,551
insertSort,sorted,34,33
insertSort,sortedInReverse,34,594
insertSort,randomOrder,34,309
quickSort,sorted,34,67
quickSort,sortedInReverse,34,67
quickSort,randomOrder,34,47
linearSearch,sorted,35,22
linearSearch,sortedInReverse,35,35
linearSearch,randomOrder,35,35
binarySearch,sorted,35,3
bubbleSort,sorted,35,34
bubbleSort,sortedInReverse,35,595
bubbleSort,randomOrder,35,580
insertSort,sorted,35,34
insertSort,sortedInReverse,35,629
insertSort,randomOrder,35,324
quickSort,sorted,35,69
quickSort,sortedInReverse,35,69
quickSort,randomOrder,35,47
linearSearch,sorted,36,1
linearSearch,sortedInReverse,36,36
linearSearch,randomOrder,36,27
binarySearch,sorted,36,5
bubbleSort,sorted,36,35
bubbleSort,sortedInReverse,36,630
bubbleSort,randomOrder,36,620
insertSort,sorted,36,35
insertSort,sortedInReverse,36,665
insertSort,randomOrder,36,325
quickSort,sorted,36,71
quickSort,sortedInReverse,36,71
quickSort,randomOrder,36,45
linearSearch,sorted,37,6
linearSearch,sortedInReverse,37,37
linearSearch,randomOrder,37,37
binarySearch,sorted,37,4
bubbleSort,sorted,37,36
bubbleSort,sortedInReverse,37,666
bubbleSort,randomOrder,37,630
insertSort,sorted,37,36
insertSort,sortedInReverse,37,702
insertSort,randomOrder,37,382
quickSort,sorted,37,73
quickSort,sortedInReverse,37,73
quickSort,randomOrder,37,49
linearSearch,sorted,38,36
linearSearch,sortedInReverse,38,38
linearSearch,randomOrder,38,38
binarySearch,sorted,38,4
bubbleSort,sorted,38,37
bubbleSort,sortedInReverse,38,703
bubbleSort,randomOrder,38,702
insertSort,sorted,38,37
insertSort,sortedInReverse,38,740
insertSort,randomOrder,38,417
quickSort,sorted,38,75
quickSort,sortedInReverse,38,75
quickSort,randomOrder,38,45
linearSearch,sorted,39,36
linearSearch,sortedInReverse,39,39
linearSearch,randomOrder,39,39
binarySearch,sorted,39,5
bubbleSort,sorted,39,38
bubbleSort,sortedInReverse,39,741
bubbleSort,randomOrder,39,696
insertSort,sorted,39,38
insertSort,sortedInReverse,39,779
insertSort,randomOrder,39,447
quickSort,sorted,39,77
quickSort,sortedInReverse,39,77
quickSort,randomOrder,39,55
linearSearch,sorted,40,35
linearSearch,sortedInReverse,40,40
linearSearch,randomOrder,40,40
binarySearch,sorted,40,3
bubbleSort,sorted,40,39
bubbleSort,sortedInReverse,40,780
bubbleSort,randomOrder,40,777
insertSort,sorted,40,39
insertSort,sortedInReverse,40,819
insertSort,randomOrder,40,498
quickSort,sorted,40,79
quickSort,sortedInReverse,40,79
quickSort,randomOrder,40,53
linearSearch,sorted,41,31
linearSearch,sortedInReverse,41,41
linearSearch,randomOrder,41,41
binarySearch,sorted,41,2
bubbleSort,sorted,41,40
bubbleSort,sortedInReverse,41,820
bubbleSort,randomOrder,41,810
insertSort,sorted,41,40
insertSort,sortedInReverse,41,860
insertSort,randomOrder,41,478
quickSort,sorted,41,81
quickSort,sortedInReverse,41,81
quickSort,randomOrder,41,51
linearSearch,sorted,42,39
linearSearch,sortedInReverse,42,42
linearSearch,randomOrder,42,42
binarySearch,sorted,42,6
bubbleSort,sorted,42,41
bubbleSort,sortedInReverse,42,861
bubbleSort,randomOrder,42,846
insertSort,sorted,42,41
insertSort,sortedInReverse,42,902
insertSort,randomOrder,42,468
quickSort,sorted,42,83
quickSort,sortedInReverse,42,83
quickSort,randomOrder,42,61
linearSearch,sorted,43,34
linearSearch,sortedInReverse,43,43
linearSearch,randomOrder,43,43
binarySearch,sorted,43,5
bubbleSort,sorted,43,42
bubbleSort,sortedInReverse,43,903
bubbleSort,randomOrder,43,875
insertSort,sorted,43,42
insertSort,sortedInReverse,43,945
insertSort,randomOrder,43,492
quickSort,sorted,43,85
quickSort,sortedInReverse,43,85
quickSort,randomOrder,43,59
linearSearch,sorted,44,37
linearSearch,sortedInReverse,44,44
linearSearch,randomOrder,44,44
binarySearch,sorted,44,5
bubbleSort,sorted,44,43
bubbleSort,sortedInReverse,44,946
bubbleSort,randomOrder,44,931
insertSort,sorted,44,43
insertSort,sortedInReverse,44,989
insertSort,randomOrder,44,507
quickSort,sorted,44,87
quickSort,sortedInReverse,44,87
quickSort,randomOrder,44,59
linearSearch,sorted,45,23
linearSearch,sortedInReverse,45,45
linearSearch,randomOrder,45,1
binarySearch,sorted,45,1
bubbleSort,sorted,45,44
bubbleSort,sortedInReverse,45,990
bubbleSort,randomOrder,45,912
insertSort,sorted,45,44
insertSort,sortedInReverse,45,1034
insertSort,randomOrder,45,661
quickSort,sorted,45,89
quickSort,sortedInReverse,45,89
quickSort,randomOrder,45,61
linearSearch,sorted,46,39
linearSearch,sortedInReverse,46,46
linearSearch,randomOrder,46,46
binarySearch,sorted,46,5
bubbleSort,sorted,46,45
bubbleSort,sortedInReverse,46,1035
bubbleSort,randomOrder,46,990
insertSort,sorted,46,45
insertSort,sortedInReverse,46,1080
insertSort,randomOrder,46,504
quickSort,sorted,46,91
quickSort,sortedInReverse,46,91
quickSort,randomOrder,46,65
linearSearch,sorted,47,2
linearSearch,sortedInReverse,47,47
linearSearch,randomOrder,47,47
binarySearch,sorted,47,6
bubbleSort,sorted,47,46
bubbleSort,sortedInReverse,47,1081
bubbleSort,randomOrder,47,1075
insertSort,sorted,47,46
insertSort,sortedInReverse,47,1127
insertSort,randomOrder,47,549
quickSort,sorted,47,93
quickSort,sortedInReverse,47,93
quickSort,randomOrder,47,65
linearSearch,sorted,48,3
linearSearch,sortedInReverse,48,48
linearSearch,randomOrder,48,48
binarySearch,sorted,48,4
bubbleSort,sorted,48,47
bubbleSort,sortedInReverse,48,1128
bubbleSort,randomOrder,48,1125
insertSort,sorted,48,47
insertSort,sortedInReverse,48,1175
insertSort,randomOrder,48,515
quickSort,sorted,48,95
quickSort,sortedInReverse,48,95
quickSort,randomOrder,48,67
linearSearch,sorted,49,37
linearSearch,sortedInReverse,49,49
linearSearch,randomOrder,49,49
binarySearch,sorted,49,2
bubbleSort,sorted,49,48
bubbleSort,sortedInReverse,49,1176
bubbleSort,randomOrder,49,1005
insertSort,sorted,49,48
insertSort,sortedInReverse,49,1224
insertSort,randomOrder,49,604
quickSort,sorted,49,97
quickSort,sortedInReverse,49,97
quickSort,randomOrder,49,67
linearSearch,sorted,50,27
linearSearch,sortedInReverse,50,50
linearSearch,randomOrder,50,39
binarySearch,sorted,50,6
bubbleSort,sorted,50,49
bubbleSort,sortedInReverse,50,1225
bubbleSort,randomOrder,50,1134
insertSort,sorted,50,49
insertSort,sortedInReverse,50,1274
insertSort,randomOrder,50,670
quickSort,sorted,50,99
quickSort,sortedInReverse,50,99
quickSort,randomOrder,50,67
linearSearch,sorted,51,13
linearSearch,sortedInReverse,51,51
linearSearch,randomOrder,51,37
binarySearch,sorted,51,2
bubbleSort,sorted,51,50
bubbleSort,sortedInReverse,51,1275
bubbleSort,randomOrder,51,1155
insertSort,sorted,51,50
insertSort,sortedInReverse,51,1325
insertSort,randomOrder,51,687
quickSort,sorted,51,101
quickSort,sortedInReverse,51,101
quickSort,randomOrder,51,71
linearSearch,sorted,52,52
linearSearch,sortedInReverse,52,50
linearSearch,randomOrder,52,25
binarySearch,sorted,52,6
bubbleSort,sorted,52,51
bubbleSort,sortedInReverse,52,1326
bubbleSort,randomOrder,52,1290
insertSort,sorted,52,51
insertSort,sortedInReverse,52,1377
insertSort,randomOrder,52,727
quickSort,sorted,52,103
quickSort,sortedInReverse,52,103
quickSort,randomOrder,52,71
linearSearch,sorted,53,48
linearSearch,sortedInReverse,53,53
linearSearch,randomOrder,53,53
binarySearch,sorted,53,5
bubbleSort,sorted,53,52
bubbleSort,sortedInReverse,53,1378
bubbleSort,randomOrder,53,1377
insertSort,sorted,53,52
insertSort,sortedInReverse,53,1430
insertSort,randomOrder,53,808
quickSort,sorted,53,105
quickSort,sortedInReverse,53,105
quickSort,randomOrder,53,73
linearSearch,sorted,54,23
linearSearch,sortedInReverse,54,54
linearSearch,randomOrder,54,54
binarySearch,sorted,54,4
bubbleSort,sorted,54,53
bubbleSort,sortedInReverse,54,1431
bubbleSort,randomOrder,54,1340
insertSort,sorted,54,53
insertSort,sortedInReverse,54,1484
insertSort,randomOrder,54,779
quickSort,sorted,54,107
quickSort,sortedInReverse,54,107
quickSort,randomOrder,54,73
linearSearch,sorted,55,35
linearSearch,sortedInReverse,55,55
linearSearch,randomOrder,55,55
binarySearch,sorted,55,3
bubbleSort,sorted,55,54
bubbleSort,sortedInReverse,55,1485
bubbleSort,randomOrder,55,1475
insertSort,sorted,55,54
insertSort,sortedInReverse,55,1539
insertSort,randomOrder,55,755
quickSort,sorted,55,109
quickSort,sortedInReverse,55,109
quickSort,randomOrder,55,75
linearSearch,sorted,56,7
linearSearch,sortedInReverse,56,56
linearSearch,randomOrder,56,56
binarySearch,sorted,56,3
bubbleSort,sorted,56,55
bubbleSort,sortedInReverse,56,1540
bubbleSort,randomOrder,56,1474
insertSort,sorted,56,55
insertSort,sortedInReverse,56,1595
insertSort,randomOrder,56,837
quickSort,sorted,56,111
quickSort,sortedInReverse,56,111
quickSort,randomOrder,56,77
linearSearch,sorted,57,20
linearSearch,sortedInReverse,57,57
linearSearch,randomOrder,57,44
binarySearch,sorted,57,6
bubbleSort,sorted,57,56
bubbleSort,sortedInReverse,57,1596
bubbleSort,randomOrder,57,1590
insertSort,sorted,57,56
insertSort,sortedInReverse,57,1652
insertSort,randomOrder,57,834
quickSort,sorted,57,113
quickSort,sortedInReverse,57,113
quickSort,randomOrder,57,71
linearSearch,sorted,58,36
linearSearch,sortedInReverse,58,58
linearSearch,randomOrder,58,58
binarySearch,sorted,58,3
bubbleSort,sorted,58,57
bubbleSort,sortedInReverse,58,1653
bubbleSort,randomOrder,58,1650
insertSort,sorted,58,57
insertSort,sortedInReverse,58,1710
insertSort,randomOrder,58,827
quickSort,sorted,58,115
quickSort,sortedInReverse,58,115
quickSort,randomOrder,58,77
linearSearch,sorted,59,49
linearSearch,sortedInReverse,59,53
linearSearch,randomOrder,59,59
binarySearch,sorted,59,6
bubbleSort,sorted,59,58
bubbleSort,sortedInReverse,59,1711
bubbleSort,randomOrder,59,1701
insertSort,sorted,59,58
insertSort,sortedInReverse,59,1769
insertSort,randomOrder,59,965
quickSort,sorted,59,117
quickSort,sortedInReverse,59,117
quickSort,randomOrder,59,77
linearSearch,sorted,60,18
linearSearch,sortedInReverse,60,60
linearSearch,randomOrder,60,60
binarySearch,sorted,60,4
bubbleSort,sorted,60,59
bubbleSort,sortedInReverse,60,1770
bubbleSort,randomOrder,60,1764
insertSort,sorted,60,59
insertSort,sortedInReverse,60,1829
insertSort,randomOrder,60,923
quickSort,sorted,60,119
quickSort,sortedInReverse,60,119
quickSort,randomOrder,60,79
linearSearch,sorted,61,46
linearSearch,sortedInReverse,61,56
linearSearch,randomOrder,61,23
binarySearch,sorted,61,2
bubbleSort,sorted,61,60
bubbleSort,sortedInReverse,61,1830
bubbleSort,randomOrder,61,1785
insertSort,sorted,61,60
insertSort,sortedInReverse,61,1890
insertSort,randomOrder,61,1021
quickSort,sorted,61,121
quickSort,sortedInReverse,61,121
quickSort,randomOrder,61,85
linearSearch,sorted,62,21
linearSearch,sortedInReverse,62,62
linearSearch,randomOrder,62,62
binarySearch,sorted,62,5
bubbleSort,sorted,62,61
bubbleSort,sortedInReverse,62,1891
bubbleSort,randomOrder,62,1885
insertSort,sorted,62,61
insertSort,sortedInReverse,62,1952
insertSort,randomOrder,62,884
quickSort,sorted,62,123
quickSort,sortedInReverse,62,123
quickSort,randomOrder,62,83
linearSearch,sorted,63,62
linearSearch,sortedInReverse,63,40
linearSearch,randomOrder,63,46
binarySearch,sorted,63,5
bubbleSort,sorted,63,62
bubbleSort,sortedInReverse,63,1953
bubbleSort,randomOrder,63,1908
insertSort,sorted,63,62
insertSort,sortedInReverse,63,2015
insertSort,randomOrder,63,1049
quickSort,sorted,63,125
quickSort,sortedInReverse,63,125
quickSort,randomOrder,63,89
linearSearch,sorted,64,48
linearSearch,sortedInReverse,64,54
linearSearch,randomOrder,64,64
binarySearch,sorted,64,2
bubbleSort,sorted,64,63
bubbleSort,sortedInReverse,64,2016
bubbleSort,randomOrder,64,2001
insertSort,sorted,64,63
insertSort,sortedInReverse,64,2079
insertSort,randomOrder,64,966
quickSort,sorted,64,127
quickSort,sortedInReverse,64,127
quickSort,randomOrder,64,91
linearSearch,sorted,65,28
linearSearch,sortedInReverse,65,65
linearSearch,randomOrder,65,65
binarySearch,sorted,65,4
bubbleSort,sorted,65,64
bubbleSort,sortedInReverse,65,2080
bubbleSort,randomOrder,65,1909
insertSort,sorted,65,64
insertSort,sortedInReverse,65,2144
insertSort,randomOrder,65,1249
quickSort,sorted,65,129
quickSort,sortedInReverse,65,129
quickSort,randomOrder,65,89
linearSearch,sorted,66,26
linearSearch,sortedInReverse,66,66
linearSearch,randomOrder,66,66
binarySearch,sorted,66,5
bubbleSort,sorted,66,65
bubbleSort,sortedInReverse,66,2145
bubbleSort,randomOrder,66,2145
insertSort,sorted,66,65
insertSort,sortedInReverse,66,2210
insertSort,randomOrder,66,1091
quickSort,sorted,66,131
quickSort,sortedInReverse,66,131
quickSort,randomOrder,66,93
linearSearch,sorted,67,58
linearSearch,sortedInReverse,67,44
linearSearch,randomOrder,67,48
binarySearch,sorted,67,6
bubbleSort,sorted,67,66
bubbleSort,sortedInReverse,67,2211
bubbleSort,randomOrder,67,2145
insertSort,sorted,67,66
insertSort,sortedInReverse,67,2277
insertSort,randomOrder,67,1163
quickSort,sorted,67,133
quickSort,sortedInReverse,67,133
quickSort,randomOrder,67,93
linearSearch,sorted,68,30
linearSearch,sortedInReverse,68,68
linearSearch,randomOrder,68,28
binarySearch,sorted,68,6
bubbleSort,sorted,68,67
bubbleSort,sortedInReverse,68,2278
bubbleSort,randomOrder,68,2250
insertSort,sorted,68,67
insertSort,sortedInReverse,68,2345
insertSort,randomOrder,68,1171
quickSort,sorted,68,135
quickSort,sortedInReverse,68,135
quickSort,randomOrder,68,91
linearSearch,sorted,69,69
linearSearch,sortedInReverse,69,33
linearSearch,randomOrder,69,69
binarySearch,sorted,69,7
bubbleSort,sorted,69,68
bubbleSort,sortedInReverse,69,2346
bubbleSort,randomOrder,69,2310
insertSort,sorted,69,68
insertSort,sortedInReverse,69,2414
insertSort,randomOrder,69,1251
quickSort,sorted,69,137
quickSort,sortedInReverse,69,137
quickSort,randomOrder,69,95
linearSearch,sorted,70,62
linearSearch,sortedInReverse,70,40
linearSearch,randomOrder,70,70
binarySearch,sorted,70,3
bubbleSort,sorted,70,69
bubbleSort,sortedInReverse,70,2415
bubbleSort,randomOrder,70,2349
insertSort,sorted,70,69
insertSort,sortedInReverse,70,2484
insertSort,randomOrder,70,1285
quickSort,sorted,70,139
quickSort,sortedInReverse,70,139
quickSort,randomOrder,70,95
linearSearch,sorted,71,17
linearSearch,sortedInReverse,71,71
linearSearch,randomOrder,71,71
binarySearch,sorted,71,7
bubbleSort,sorted,71,70
bubbleSort,sortedInReverse,71,2485
bubbleSort,randomOrder,71,2449
insertSort,sorted,71,70
insertSort,sortedInReverse,71,2555
insertSort,randomOrder,71,1387
quickSort,sorted,71,141
quickSort,sortedInReverse,71,141
quickSort,randomOrder,71,93
linearSearch,sorted,72,9
linearSearch,sortedInReverse,72,72
linearSearch,randomOrder,72,51
binarySearch,sorted,72,3
bubbleSort,sorted,72,71
bubbleSort,sortedInReverse,72,2556
bubbleSort,randomOrder,72,2385
insertSort,sorted,72,71
insertSort,sortedInReverse,72,2627
insertSort,randomOrder,72,1320
quickSort,sorted,72,143
quickSort,sortedInReverse,72,143
quickSort,randomOrder,72,99
linearSearch,sorted,73,60
linearSearch,sortedInReverse,73,42
linearSearch,randomOrder,73,61
binarySearch,sorted,73,6
bubbleSort,sorted,73,72
bubbleSort,sortedInReverse,73,2628
bubbleSort,randomOrder,73,2600
insertSort,sorted,73,72
insertSort,sortedInReverse,73,2700
insertSort,randomOrder,73,1353
quickSort,sorted,73,145
quickSort,sortedInReverse,73,145
quickSort,randomOrder,73,101
linearSearch,sorted,74,70
linearSearch,sortedInReverse,74,32
linearSearch,randomOrder,74,74
binarySearch,sorted,74,4
bubbleSort,sorted,74,73
bubbleSort,sortedInReverse,74,2701
bubbleSort,randomOrder,74,2470
insertSort,sorted,74,73
insertSort,sortedInReverse,74,2774
insertSort,randomOrder,74,1313
quickSort,sorted,74,147
quickSort,sortedInReverse,74,147
quickSort,randomOrder,74,101
linearSearch,sorted,75,40
linearSearch,sortedInReverse,75,62
linearSearch,randomOrder,75,30
binarySearch,sorted,75,5
bubbleSort,sorted,75,74
bubbleSort,sortedInReverse,75,2775
bubbleSort,randomOrder,75,2739
insertSort,sorted,75,74
insertSort,sortedInReverse,75,2849
insertSort,randomOrder,75,1453
quickSort,sorted,75,149
quickSort,sortedInReverse,75,149
quickSort,randomOrder,75,103
linearSearch,sorted,76,42
linearSearch,sortedInReverse,76,60
linearSearch,randomOrder,76,76
binarySearch,sorted,76,4
bubbleSort,sorted,76,75
bubbleSort,sortedInReverse,76,2850
bubbleSort,randomOrder,76,2795
insertSort,sorted,76,75
insertSort,sortedInReverse,76,2925
insertSort,randomOrder,76,1455
quickSort,sorted,76,151
quickSort,sortedInReverse,76,151
quickSort,randomOrder,76,107
linearSearch,sorted,77,15
linearSearch,sortedInReverse,77,77
linearSearch,randomOrder,77,15
binarySearch,sorted,77,6
bubbleSort,sorted,77,76
bubbleSort,sortedInReverse,77,2926
bubbleSort,randomOrder,77,2890
insertSort,sorted,77,76
insertSort,sortedInReverse,77,3002
insertSort,randomOrder,77,1547
quickSort,sorted,77,153
quickSort,sortedInReverse,77,153
quickSort,randomOrder,77,103
linearSearch,sorted,78,63
linearSearch,sortedInReverse,78,39
linearSearch,randomOrder,78,78
binarySearch,sorted,78,7
bubbleSort,sorted,78,77
bubbleSort,sortedInReverse,78,3003
bubbleSort,randomOrder,78,2997
insertSort,sorted,78,77
insertSort,sortedInReverse,78,3080
insertSort,randomOrder,78,1792
quickSort,sorted,78,155
quickSort,sortedInReverse,78,155
quickSort,randomOrder,78,103
linearSearch,sorted,79,16
linearSearch,sortedInReverse,79,79
linearSearch,randomOrder,79,4
binarySearch,sorted,79,6
bubbleSort,sorted,79,78
bubbleSort,sortedInReverse,79,3081
bubbleSort,randomOrder,79,2910
insertSort,sorted,79,78
insertSort,sortedInReverse,79,3159
insertSort,randomOrder,79,1450
quickSort,sorted,79,157
quickSort,sortedInReverse,79,157
quickSort,randomOrder,79,107
linearSearch,sorted,80,2
linearSearch,sortedInReverse,80,80
linearSearch,randomOrder,80,80
binarySearch,sorted,80,5
bubbleSort,sorted,80,79
bubbleSort,sortedInReverse,80,3160
bubbleSort,randomOrder,80,3159
insertSort,sorted,80,79
insertSort,sortedInReverse,80,3239
insertSort,randomOrder,80,1673
quickSort,sorted,80,159
quickSort,sortedInReverse,80,159
quickSort,randomOrder,80,101
linearSearch,sorted,81,4
linearSearch,sortedInReverse,81,81
linearSearch,randomOrder,81,34
binarySearch,sorted,81,7
bubbleSort,sorted,81,80
bubbleSort,sortedInReverse,81,3240
bubbleSort,randomOrder,81,3149
insertSort,sorted,81,80
insertSort,sortedInReverse,81,3320
insertSort,randomOrder,81,1626
quickSort,sorted,81,161
quickSort,sortedInReverse,81,161
quickSort,randomOrder,81,111
linearSearch,sorted,82,25
linearSearch,sortedInReverse,82,77
linearSearch,randomOrder,82,82
binarySearch,sorted,82,4
bubbleSort,sorted,82,81
bubbleSort,sortedInReverse,82,3321
bubbleSort,randomOrder,82,3168
insertSort,sorted,82,81
insertSort,sortedInReverse,82,3402
insertSort,randomOrder,82,1653
quickSort,sorted,82,163
quickSort,sortedInReverse,82,163
quickSort,randomOrder,82,111
linearSearch,sorted,83,26
linearSearch,sortedInReverse,83,76
linearSearch,randomOrder,83,1
binarySearch,sorted,83,4
bubbleSort,sorted,83,82
bubbleSort,sortedInReverse,83,3403
bubbleSort,randomOrder,83,3367
insertSort,sorted,83,82
insertSort,sortedInReverse,83,3485
insertSort,randomOrder,83,2051
quickSort,sorted,83,165
quickSort,sortedInReverse,83,165
quickSort,randomOrder,83,109
linearSearch,sorted,84,79
linearSearch,sortedInReverse,84,23
linearSearch,randomOrder,84,84
binarySearch,sorted,84,4
bubbleSort,sorted,84,83
bubbleSort,sortedInReverse,84,3486
bubbleSort,randomOrder,84,3486
insertSort,sorted,84,83
insertSort,sortedInReverse,84,3569
insertSort,randomOrder,84,1769
quickSort,sorted,84,167
quickSort,sortedInReverse,84,167
quickSort,randomOrder,84,105
linearSearch,sorted,85,50
linearSearch,sortedInReverse,85,52
linearSearch,randomOrder,85,85
binarySearch,sorted,85,5
bubbleSort,sorted,85,84
bubbleSort,sortedInReverse,85,3570
bubbleSort,randomOrder,85,3555
insertSort,sorted,85,84
insertSort,sortedInReverse,85,3654
insertSort,randomOrder,85,1873
quickSort,sorted,85,169
quickSort,sortedInReverse,85,169
quickSort,randomOrder,85,119
linearSearch,sorted,86,45
linearSearch,sortedInReverse,86,57
linearSearch,randomOrder,86,86
binarySearch,sorted,86,5
bubbleSort,sorted,86,85
bubbleSort,sortedInReverse,86,3655
bubbleSort,randomOrder,86,3627
insertSort,sorted,86,85
insertSort,sortedInReverse,86,3740
insertSort,randomOrder,86,1968
quickSort,sorted,86,171
quickSort,sortedInReverse,86,171
quickSort,randomOrder,86,117
linearSearch,sorted,87,46
linearSearch,sortedInReverse,87,56
linearSearch,randomOrder,87,55
binarySearch,sorted,87,5
bubbleSort,sorted,87,86
bubbleSort,sortedInReverse,87,3741
bubbleSort,randomOrder,87,3636
insertSort,sorted,87,86
insertSort,sortedInReverse,87,3827
insertSort,randomOrder,87,1905
quickSort,sorted,87,173
quickSort,sortedInReverse,87,173
quickSort,randomOrder,87,117
linearSearch,sorted,88,87
linearSearch,sortedInReverse,88,15
linearSearch,randomOrder,88,88
binarySearch,sorted,88,6
bubbleSort,sorted,88,87
bubbleSort,sortedInReverse,88,3828
bubbleSort,randomOrder,88,3825
insertSort,sorted,88,87
insertSort,sortedInReverse,88,3915
insertSort,randomOrder,88,1848
quickSort,sorted,88,175
quickSort,sortedInReverse,88,175
quickSort,randomOrder,88,121
linearSearch,sorted,89,87
linearSearch,sortedInReverse,89,15
linearSearch,randomOrder,89,10
binarySearch,sorted,89,5
bubbleSort,sorted,89,88
bubbleSort,sortedInReverse,89,3916
bubbleSort,randomOrder,89,3880
insertSort,sorted,89,88
insertSort,sortedInReverse,89,4004
insertSort,randomOrder,89,1901
quickSort,sorted,89,177
quickSort,sortedInReverse,89,177
quickSort,randomOrder,89,123
linearSearch,sorted,90,79
linearSearch,sortedInReverse,90,23
linearSearch,randomOrder,90,90
binarySearch,sorted,90,3
bubbleSort,sorted,90,89
bubbleSort,sortedInReverse,90,4005
bubbleSort,randomOrder,90,3977
insertSort,sorted,90,89
insertSort,sortedInReverse,90,4094
insertSort,randomOrder,90,2093
quickSort,sorted,90,179
quickSort,sortedInReverse,90,179
quickSort,randomOrder,90,119
linearSearch,sorted,91,32
linearSearch,sortedInReverse,91,70
linearSearch,randomOrder,91,7
binarySearch,sorted,91,6
bubbleSort,sorted,91,90
bubbleSort,sortedInReverse,91,4095
bubbleSort,randomOrder,91,4004
insertSort,sorted,91,90
insertSort,sortedInReverse,91,4185
insertSort,randomOrder,91,2098
quickSort,sorted,91,181
quickSort,sortedInReverse,91,181
quickSort,randomOrder,91,127
linearSearch,sorted,92,55
linearSearch,sortedInReverse,92,47
linearSearch,randomOrder,92,92
binarySearch,sorted,92,6
bubbleSort,sorted,92,91
bubbleSort,sortedInReverse,92,4186
bubbleSort,randomOrder,92,4180
insertSort,sorted,92,91
insertSort,sortedInReverse,92,4277
insertSort,randomOrder,92,1897
quickSort,sorted,92,183
quickSort,sortedInReverse,92,183
quickSort,randomOrder,92,123
linearSearch,sorted,93,27
linearSearch,sortedInReverse,93,75
linearSearch,randomOrder,93,22
binarySearch,sorted,93,6
bubbleSort,sorted,93,92
bubbleSort,sortedInReverse,93,4278
bubbleSort,randomOrder,93,4268
insertSort,sorted,93,92
insertSort,sortedInReverse,93,4370
insertSort,randomOrder,93,2500
quickSort,sorted,93,185
quickSort,sortedInReverse,93,185
quickSort,randomOrder,93,139
linearSearch,sorted,94,55
linearSearch,sortedInReverse,94,47
linearSearch,randomOrder,94,27
binarySearch,sorted,94,7
bubbleSort,sorted,94,93
bubbleSort,sortedInReverse,94,4371
bubbleSort,randomOrder,94,4343
insertSort,sorted,94,93
insertSort,sortedInReverse,94,4464
insertSort,randomOrder,94,2265
quickSort,sorted,94,187
quickSort,sortedInReverse,94,187
quickSort,randomOrder,94,127
linearSearch,sorted,95,18
linearSearch,sortedInReverse,95,84
linearSearch,randomOrder,95,95
binarySearch,sorted,95,4
bubbleSort,sorted,95,94
bubbleSort,sortedInReverse,95,4465
bubbleSort,randomOrder,95,4420
insertSort,sorted,95,94
insertSort,sortedInReverse,95,4559
insertSort,randomOrder,95,2340
quickSort,sorted,95,189
quickSort,sortedInReverse,95,189
quickSort,randomOrder,95,129
linearSearch,sorted,96,39
linearSearch,sortedInReverse,96,63
linearSearch,randomOrder,96,11
binarySearch,sorted,96,5
bubbleSort,sorted,96,95
bubbleSort,sortedInReverse,96,4560
bubbleSort,randomOrder,96,4440
insertSort,sorted,96,95
insertSort,sortedInReverse,96,4655
insertSort,randomOrder,96,2299
quickSort,sorted,96,191
quickSort,sortedInReverse,96,191
quickSort,randomOrder,96,127
linearSearch,sorted,97,81
linearSearch,sortedInReverse,97,21
linearSearch,randomOrder,97,97
binarySearch,sorted,97,7
bubbleSort,sorted,97,96
bubbleSort,sortedInReverse,97,4656
bubbleSort,randomOrder,97,4635
insertSort,sorted,97,96
insertSort,sortedInReverse,97,4752
insertSort,randomOrder,97,2322
quickSort,sorted,97,193
quickSort,sortedInReverse,97,193
quickSort,randomOrder,97,129
linearSearch,sorted,98,96
linearSearch,sortedInReverse,98,6
linearSearch,randomOrder,98,98
binarySearch,sorted,98,7
bubbleSort,sorted,98,97
bubbleSort,sortedInReverse,98,4753
bubbleSort,randomOrder,98,4698
insertSort,sorted,98,97
insertSort,sortedInReverse,98,4850
insertSort,randomOrder,98,2298
quickSort,sorted,98,195
quickSort,sortedInReverse,98,195
quickSort,randomOrder,98,135
linearSearch,sorted,99,40
linearSearch,sortedInReverse,99,62
linearSearch,randomOrder,99,99
binarySearch,sorted,99,5
bubbleSort,sorted,99,98
bubbleSort,sortedInReverse,99,4851
bubbleSort,randomOrder,99,4806
insertSort,sorted,99,98
insertSort,sortedInReverse,99,4949
insertSort,randomOrder,99,2340
quickSort,sorted,99,197
quickSort,sortedInReverse,99,197
quickSort,randomOrder,99,131
linearSearch,sorted,100,57
linearSearch,sortedInReverse,100,45
linearSearch,randomOrder,100,2
binarySearch,sorted,100,6
bubbleSort,sorted,100,99
bubbleSort,sortedInReverse,100,4950
bubbleSort,randomOrder,100,4845
insertSort,sorted,100,99
insertSort,sortedInReverse,100,5049
insertSort,randomOrder,100,2838
quickSort,sorted,100,199
quickSort,sortedInReverse,100,199
quickSort,randomOrder,100,133
